movie,predicted_rating
Kundun (1997),4.59295803986531
8 Seconds (1994),4.497747460203113
8 1/2 (1963),4.38821307646346
Boogie Nights (1997),4.213592203291576
"African Queen, The (1951)",4.012036627467536
